{"properties": [
  {
    "name": "org.quartz.threadPool.threadCount",
    "type": "java.lang.String",
    "description": "A description for 'org.quartz.threadPool.threadCount'"
  },
  {
    "name": "org.quartz.threadPool.threadPriority",
    "type": "java.lang.String",
    "description": "A description for 'org.quartz.threadPool.threadPriority'"
  },
  {
    "name": "org.quartz.threadPool.threadPriority",
    "type": "java.lang.String",
    "description": "A description for 'org.quartz.threadPool.threadPriority'"
  }
]}